--liquibase formatted sql

--changeset Hroniko:2 

--Obj_Types(1001-2000) (add Message)
INSERT INTO OBJ_TYPES (OBJECT_TYPE_ID, NAME) VALUES ('1003', 'Message');

--Tasks_Attributes (201-300) (Attributes of Message)
INSERT INTO ATTRIBUTES (ATTR_ID, ATTR_NAME) VALUES ('201', 'from_id');
INSERT INTO ATTRIBUTES (ATTR_ID, ATTR_NAME) VALUES ('202', 'to_id');
INSERT INTO ATTRIBUTES (ATTR_ID, ATTR_NAME) VALUES ('203', 'date_send');
INSERT INTO ATTRIBUTES (ATTR_ID, ATTR_NAME) VALUES ('204', 'read_status');
INSERT INTO ATTRIBUTES (ATTR_ID, ATTR_NAME) VALUES ('205', 'text');
INSERT INTO ATTRIBUTES (ATTR_ID, ATTR_NAME) VALUES ('206', 'from_name');
INSERT INTO ATTRIBUTES (ATTR_ID, ATTR_NAME) VALUES ('207', 'to_name');

--Tasks_Attributes (201-300) (add new Attribute of User)
INSERT INTO ATTRIBUTES (ATTR_ID, ATTR_NAME) VALUES ('30', 'Message_atr');


--Create new Object Message id 30001
INSERT INTO OBJECTS (OBJECT_ID, OBJECT_TYPE_ID, OBJECT_NAME) VALUES ('30001','1003','Message_30001');
--Create Attributes for Message id 30001 
INSERT INTO PARAMS (VALUE,OBJECT_ID,ATTR_ID) VALUES ('10001','30001','201');
INSERT INTO PARAMS (VALUE,OBJECT_ID,ATTR_ID) VALUES ('10002','30001','202');
INSERT INTO PARAMS (VALUE,OBJECT_ID,ATTR_ID) VALUES ('03.02.2017 12:31:54','30001','203');
INSERT INTO PARAMS (VALUE,OBJECT_ID,ATTR_ID) VALUES ('0','30001','204');
INSERT INTO PARAMS (VALUE,OBJECT_ID,ATTR_ID) VALUES ('Привет!Как_дела?','30001','205');
INSERT INTO PARAMS (VALUE,OBJECT_ID,ATTR_ID) VALUES ('Иван','30001','206');
INSERT INTO PARAMS (VALUE,OBJECT_ID,ATTR_ID) VALUES ('Петр','30001','207');
--Create new Reference between User and Message
INSERT INTO REFERENCES (OBJECT_ID, ATTR_ID, REFERENCE) VALUES ('10001', '30', '30001');


--Create new Object Message id 30002
INSERT INTO OBJECTS (OBJECT_ID, OBJECT_TYPE_ID, OBJECT_NAME) VALUES ('30002','1003','Message_30002');
--Create Attributes for Message id 30002
INSERT INTO PARAMS (VALUE,OBJECT_ID,ATTR_ID) VALUES ('10002','30002','201');
INSERT INTO PARAMS (VALUE,OBJECT_ID,ATTR_ID) VALUES ('10001','30002','202');
INSERT INTO PARAMS (VALUE,OBJECT_ID,ATTR_ID) VALUES ('03.02.2017 12:37:24','30002','203');
INSERT INTO PARAMS (VALUE,OBJECT_ID,ATTR_ID) VALUES ('0','30002','204');
INSERT INTO PARAMS (VALUE,OBJECT_ID,ATTR_ID) VALUES ('Нормально','30002','205');
INSERT INTO PARAMS (VALUE,OBJECT_ID,ATTR_ID) VALUES ('Петр','30002','206');
INSERT INTO PARAMS (VALUE,OBJECT_ID,ATTR_ID) VALUES ('Иван','30002','207');
--Create new Reference between User and Message
INSERT INTO REFERENCES (OBJECT_ID, ATTR_ID, REFERENCE) VALUES ('10002', '30', '30002');